,by,descendants,id,kids,score,time,title,type,url,text
0,ugurnot,13.0,37103802,"[37104083, 37103965, 37104293, 37104007]",61,1691871051,Auditory illusions with examples from Daft Punk,story,https://www.ugu.rs/blog/auditory-illusions-with-samples-from-daft-punk/,
1,ingve,52.0,37101588,"[37103770, 37103252, 37102524, 37102570, 37104092, 37103102, 37103906, 37101967, 37102227, 37102411, 37102312]",248,1691856360,Exploring the Internals of Linux v0.01,story,https://seiya.me/blog/reading-linux-v0.01,
2,geox,2.0,37103793,"[37104271, 37104298, 37104149]",24,1691870968,Tijuana's illegal sewer hookups linked to cross-border pollution,story,https://www.kpbs.org/news/border-immigration/2023/08/10/tijuanas-illegal-sewer-hookups-linked-to-cross-border-pollution,
3,__rito__,11.0,37101515,"[37104258, 37104065, 37103265, 37101904, 37102596, 37102230]",114,1691855981,Deep Learning Systems (CMU Course),story,https://dlsyscourse.org/lectures/,
4,deadcoder0904,97.0,37100226,"[37103575, 37101586, 37103993, 37103172, 37104223, 37103985, 37102127, 37102225, 37101827, 37104094, 37101389, 37101444, 37101651, 37101249, 37102584, 37101449, 37102147, 37102929, 37102740, 37103379, 37101308, 37102308, 37101603, 37103019, 37101783, 37101741, 37101294]",218,1691848638,The Carrot Problem,story,https://www.atvbt.com/the-carrot-problem/,
5,imadj,195.0,37098483,"[37102198, 37103863, 37100348, 37099725, 37099071, 37099182, 37099007, 37100497, 37100723, 37101895, 37101642, 37100577, 37102078, 37099026, 37100615, 37099155, 37101953, 37099216, 37102048, 37101887, 37102912, 37100823, 37098928, 37100775, 37102574, 37100579, 37098986, 37100363, 37099881, 37103592, 37101412, 37099642, 37100159, 37099284, 37099145, 37100999, 37099059, 37099974, 37102944, 37100187, 37098955]",356,1691832514,How a startup loses its spark,story,https://blog.johnqian.com/startup-spark,
6,malisper,,37104185,,1,1691874007,Freshpaint (YC S19) Is Hiring Engineers to Build a HIPAA Compliant Data Platform,job,https://jobs.ashbyhq.com/freshpaint/bfe56523-bff4-4ca3-936b-0ba15fb4e572?utm_source=hn,
7,matt_d,12.0,37102482,"[37103898, 37103080, 37102760, 37103601]",38,1691862070,Tracing the roots of the 8086 instruction set to the Datapoint 2200 minicomputer,story,https://www.righto.com/2023/08/datapoint-to-8086.html,
8,mepian,27.0,37101563,"[37102504, 37102498, 37101786, 37102035, 37102257]",71,1691856213,CLOS: Integrating Object-Oriented and Functional Programming (2004) [pdf],story,https://dreamsongs.com/Files/clos-cacm.pdf,
9,mpereira,61.0,37099750,"[37099751, 37102621, 37100262, 37101493, 37100332, 37101596, 37102741, 37102158, 37100402, 37100476, 37102081, 37101189, 37100884, 37101369]",159,1691845378,20 Years of Vim,story,https://www.contextualize.ai/mpereira/20-years-of-vim-ef9acae9,
10,janandonly,167.0,37086455,"[37104126, 37100710, 37104274, 37104285, 37103323, 37101006, 37101100, 37100846, 37104106, 37103447, 37101733, 37103389, 37086877, 37101119, 37103651, 37100840, 37103498, 37104146, 37103437, 37101081, 37103739, 37100838, 37101113, 37101271, 37101773, 37103952, 37103816, 37103297, 37101225, 37103402, 37103295, 37103517, 37103179, 37101329, 37101664, 37101551, 37101036, 37103441, 37101330, 37101116, 37103620, 37101527, 37101479, 37102488, 37100827, 37101864, 37101367, 37101194, 37101539, 37101920, 37101038, 37103386, 37101072]",159,1691743363,Every phone should be able to run personal website,story,https://rohanrd.xyz/posts/every-phone-should-be-able-to-run-personal-website/,
11,jasoneckert,59.0,37100503,"[37104256, 37102630, 37102807, 37103207, 37102824, 37103171, 37102603, 37102530, 37102173, 37103210, 37102311, 37102966]",94,1691850245,Fedora Asahi Remix first impressions,story,https://jasoneckert.github.io/myblog/fedora-asahi-remix/,
12,vinnyglennon,46.0,37102610,"[37103010, 37103617, 37103269, 37104224, 37103548, 37103275, 37103286, 37103485]",60,1691862992,The US government is taking a step toward space-based nuclear propulsion,story,https://arstechnica.com/space/2023/07/nasa-seeks-to-launch-a-nuclear-powered-rocket-engine-in-four-years/,
13,revolucien,6.0,37087872,"[37104272, 37089217, 37103911]",26,1691756560,Filthy Romans: Dirty secrets of the bath-obsessed ancients (2016),story,https://www.newscientist.com/article/mg23130800-600-ancient-rome-the-empire-that-cleaned-up/,
14,msz-g-w,20.0,37085618,"[37102898, 37104164, 37102907, 37103942, 37103429, 37103228, 37103064, 37103536, 37103921, 37103493]",43,1691734160,The Downsides of C++ Coroutines,story,https://reductor.dev/cpp/2023/08/10/the-downsides-of-coroutines.html,
15,paedubucher,6.0,37102974,"[37104018, 37104219, 37103648]",22,1691865474,Learning Algorithms,story,https://paedubucher.ch/articles/2023-07-29-learning-algorithms.html,
16,olalonde,160.0,37098875,"[37100904, 37099234, 37100763, 37099355, 37100395, 37101393, 37100294, 37099045, 37099270, 37100601, 37100093, 37099498, 37099730, 37099785, 37101326, 37099590, 37103787, 37099238, 37101394, 37099491, 37100863, 37099175, 37103042, 37099317, 37103215, 37099413, 37101028, 37101079, 37099526, 37099562, 37100169, 37099569, 37100851, 37099213, 37099488, 37101918, 37099294, 37100358, 37100274, 37099322, 37099330, 37099334]",258,1691837516,tRPC – Build and consume typesafe APIs without schemas or code generation,story,https://trpc.io/,
17,thunderbong,15.0,37100757,"[37103033, 37103567, 37102897, 37103134, 37103532]",38,1691851809,Postgres Audit Tables Saved Us from Taking Down Production,story,https://www.heap.io/blog/how-postgres-audit-tables-saved-us-from-taking-down-production,
18,g4zj,161.0,37087459,"[37099122, 37098699, 37098619, 37099832, 37100724, 37099098, 37100018, 37099866, 37098853, 37098852, 37101635, 37098667, 37101928, 37098970, 37098721, 37099548, 37100835, 37101398, 37098676, 37103727, 37100540, 37098823, 37100839, 37101204, 37098583, 37099793, 37099883, 37099846, 37102652, 37098991, 37099113, 37099313, 37101909, 37098792, 37100175, 37099061, 37098598, 37099816, 37100132, 37099545, 37100874, 37099231, 37100806, 37099869, 37100485, 37099552, 37100051, 37100758, 37100664]",261,1691753388,"I'm OK, the bull is dead (2004)",story,https://www.computerworld.com/article/2565077/i-m-ok--the-bull-is-dead.html,
19,susam,40.0,37086176,"[37099744, 37099245, 37103285, 37103564]",122,1691740139,Sorting in Emacs,story,https://susam.net/blog/sorting-in-emacs.html,
20,prismatic,21.0,37101012,"[37103624, 37103970, 37104010, 37103279, 37102875]",36,1691853284,Hollywood’s Cold War Dissidents in Ireland,story,https://www.historytoday.com/archive/history-matters/dangerous-reds,
21,userbinator,1.0,37098229,[37100032],11,1691829363,Programming Techniques: Regular expression search algorithm (1968),story,https://dl.acm.org/doi/10.1145/363347.363387,
22,eliassjogreen,36.0,37086753,"[37104290, 37099357, 37099347, 37098607, 37098576, 37098835, 37098845, 37102185, 37098687, 37099298, 37098935, 37098789, 37100651, 37099747, 37098600, 37099430, 37101748, 37092647]",166,1691746244,Show HN: Pip Imports in Deno,story,https://github.com/denosaurs/deno_python,"deno_python 0.3.1 adds support for importing python pip packages directly in JavaScript! Fun and useful, slightly cursed."
23,tintinnabula,0.0,37090608,,3,1691771553,Anti-Ugly Action,story,https://www.theparisreview.org/blog/2023/08/07/anti-ugly-action/,
24,Georgelemental,717.0,37095302,"[37095407, 37104141, 37097906, 37095907, 37097202, 37097083, 37101046, 37099401, 37099848, 37098767, 37097112, 37097098, 37098243, 37097269, 37098603, 37097052, 37100172, 37099096, 37095852, 37097341, 37096981, 37099466, 37098169, 37097175, 37100762, 37097545, 37095416, 37095553, 37095506, 37098885, 37098728, 37095951, 37095386, 37097139, 37101004, 37095754, 37095702, 37095877, 37095837, 37095784, 37095800, 37095589, 37095475, 37101365]",313,1691796773,We need scientific dissidents,story,https://www.chronicle.com/article/we-need-scientific-dissidents-now-more-than-ever,
25,EMIRELADERO,164.0,37100140,"[37101597, 37104093, 37103827, 37101317, 37101005, 37101550, 37103300, 37104115, 37100926, 37103150, 37101808, 37101397, 37101498, 37103541, 37101796, 37101825, 37101193, 37101258, 37101694, 37100286, 37100888, 37101989]",215,1691848150,Record labels hit Internet Archive with new copyright lawsuit,story,https://torrentfreak.com/record-labels-hit-internet-archive-with-new-400m-copyright-lawsuit-230812/,
26,alraj,3.0,37085687,"[37104150, 37103360, 37103409]",24,1691734937,The Character Generator ROM,story,https://www.atariarchives.org/cgp/Ch02_Sec04.php,
27,rlopezc,27.0,37100641,"[37101745, 37102152, 37101641, 37101410]",82,1691851166,Securing Your PostgreSQL DB with Roles and Privileges,story,https://rlopzc.com/posts/securing-your-postgresql-db-with-roles--privileges/,
28,celtoid,92.0,37102271,"[37102559, 37102858, 37102588, 37103093, 37102877, 37102920, 37103063, 37102880, 37103156, 37102900, 37103314, 37102472, 37103600, 37102818, 37102987, 37102932, 37102409, 37102794, 37102752, 37103544]",266,1691860642,A conversation with a newspaper owner raided by cops,story,https://thehandbasket.substack.com/p/a-conversation-with-the-newspaper,
29,thunderbong,6.0,37059742,"[37098732, 37100853, 37099897]",93,1691567061,Special Relativity: Lorentz Transformations (2018) [video],story,https://www.youtube.com/watch?v=Rh0pYtQG5wI,
30,rntn,76.0,37099086,"[37100188, 37099808, 37100193, 37103674, 37102193, 37099598, 37101853, 37099991, 37100587, 37099771]",154,1691839793,"Microsoft continues right to repair about face, makes its hardware easier to fix",story,https://www.techdirt.com/2023/08/11/microsoft-continues-about-face-on-right-to-repair-makes-its-hardware-easier-to-fix/,
31,ksec,104.0,37097973,"[37100368, 37098318, 37098956, 37098850, 37102667, 37098826, 37102194, 37099006, 37102196, 37101672, 37102107, 37098359, 37098741, 37101492, 37098490, 37098287, 37098342, 37099001, 37099983, 37098463, 37098488, 37099530, 37098951, 37098808]",95,1691826014,What is gained and lost with 63-bit integers? (2014),story,https://blog.janestreet.com/what-is-gained-and-lost-with-63-bit-integers/,
32,mfiguiere,3.0,37100986,"[37102349, 37102280]",35,1691853117,Vectorized UTF-8 Validation for Java,story,https://github.com/AugustNagro/utf8.java,
33,ingve,3.0,37102360,"[37103639, 37102933]",6,1691861240,Some problems with 'first name' and 'last name' fields in data,story,https://utcc.utoronto.ca/~cks/space/blog/programming/WhyNotFirstAndLastNameFields,
34,bsmth,95.0,37102442,"[37102954, 37103167, 37103306, 37103073, 37102973, 37103155, 37103261, 37103586, 37103250, 37102870, 37102822, 37103190, 37103001, 37103202, 37103227, 37103069, 37103593, 37102839, 37103241, 37103204, 37102761, 37103431, 37102866, 37102862, 37102828]",131,1691861845,My $0->$100M->$0 in 5 years story,story,https://old.reddit.com/r/startups/comments/15p8qrx/my_0100m0_in_5_years_story/,
35,KentBeck,19.0,37076679,"[37098770, 37099955, 37101272, 37099124, 37101986, 37098615, 37100306, 37098624, 37099339]",60,1691678069,Publish Everything (Pretty Much),story,https://tidyfirst.substack.com/p/publish-everything-pretty-much,
36,taubek,10.0,37100565,"[37101728, 37101670, 37102339, 37101520, 37101706, 37102145]",84,1691850759,NASA's Software Catalog offers hundreds of new software programs for free,story,https://software.nasa.gov/,
37,thunderbong,2.0,37101267,"[37103834, 37103028]",13,1691854780,Simple browser boat game using Three.js,story,https://stopnoanime.github.io/three-airboat-sim/,
38,pg_1234,479.0,37093854,"[37094535, 37094373, 37095667, 37094705, 37094910, 37094563, 37094789, 37094369, 37094413, 37094855, 37095740, 37103046, 37094083, 37095332, 37098830, 37098507, 37100152, 37103192, 37094719, 37094738, 37101450, 37094713, 37094854, 37099104, 37096807, 37098697, 37098954, 37101966, 37096763, 37101619, 37095920, 37101070, 37100908, 37099053, 37101754, 37096508, 37094485, 37096264, 37095531, 37095577, 37094548, 37098915, 37094808, 37094828, 37097279, 37095435, 37094081, 37097185, 37096212, 37095187, 37097158, 37094707, 37096522, 37101106, 37093868, 37094997, 37097811, 37095160, 37094403, 37094214]",572,1691787127,80% of bosses say they regret earlier return-to-office plans,story,https://www.cnbc.com/2023/08/11/80percent-of-bosses-say-they-regret-earlier-return-to-office-plans.html,
39,alex_young,3.0,37103160,"[37104110, 37104035, 37104047, 37103882]",11,1691866820,US takes $1.2B gamble on carbon-sucking vacuums,story,https://www.dw.com/en/us-takes-12-billion-gamble-on-carbon-sucking-vacuums/a-66514147,
40,hasheddan,29.0,37099761,"[37102153, 37101922, 37102100, 37101911, 37101432, 37103337, 37102365, 37101890]",113,1691845461,Notes on running a single-person Mastodon server,story,https://jvns.ca/blog/2023/08/11/some-notes-on-mastodon/,
41,diminikolaou,105.0,37088087,"[37091717, 37088684, 37098961, 37102800, 37088775, 37095094, 37090090, 37089897, 37101320, 37092417, 37091356, 37089829, 37092103, 37092729, 37099835, 37088479, 37097498, 37096109, 37095820, 37090465, 37095362, 37088995, 37089709, 37092030, 37091292, 37090200, 37088123, 37089758, 37089210, 37088678, 37092352, 37089687, 37088886, 37090960]",135,1691757993,Launch HN: Wondercraft (YC S22) – Use text-to-speech to create podcasts easily,story,,"Hi HN! We’re Dimitris and Youssef, founders of Wondercraft (<a href=""https:&#x2F;&#x2F;www.wondercraft.ai&#x2F;"">https:&#x2F;&#x2F;www.wondercraft.ai&#x2F;</a>), a platform that leverages AI voices to make podcast creation simple. This video shows how it works: <a href=""https:&#x2F;&#x2F;www.loom.com&#x2F;share&#x2F;fa8ac8eba8b9440dbe0321ccb8ba9426?sid=fef9c08a-1003-4377-9d79-8d8a7bf14eb0"" rel=""nofollow noreferrer"">https:&#x2F;&#x2F;www.loom.com&#x2F;share&#x2F;fa8ac8eba8b9440dbe0321ccb8ba9426?...</a>.<p>“Hacker News Recap” (<a href=""https:&#x2F;&#x2F;www.wondercraft.ai&#x2F;podcasts&#x2F;hacker-news-recap"">https:&#x2F;&#x2F;www.wondercraft.ai&#x2F;podcasts&#x2F;hacker-news-recap</a>) a podcast produced using our platform, has been running for 4 months and currently gets close to 23k listens per month. We’ve made its analytics publicly available: <a href=""https:&#x2F;&#x2F;op3.dev&#x2F;show&#x2F;f77aea62-97e5-5cce-92c6-9464e51c30c6"" rel=""nofollow noreferrer"">https:&#x2F;&#x2F;op3.dev&#x2F;show&#x2F;f77aea62-97e5-5cce-92c6-9464e51c30c6</a>.<p>Having previously attempted to start a podcast, we were well aware of the difficulties. Figuring out what equipment and software you need to buy is a daunting start. Editing is a lengthy and tedious process, technical difficulties often occur during recording, and planning logistics around recording is a hassle. As a result, content release is infrequent, which leads to lackluster growth.<p>At the same time, podcast consumption is experiencing exponential growth. There are 500M podcast listeners around the world, double in size compared to 5 years ago. Apart from the growth in listeners, podcasts are the medium that is most likely to influence behavior, which is the reason why the number of businesses having podcasts has grown 5x over the past 5 years. Finally, the last piece that led to the creation of Wondercraft is that text-to-speech models saw a big improvement about 6 months ago, with ElevenLabs releasing models with an output that is almost indistinguishable to humans (see HN thread here: <a href=""https:&#x2F;&#x2F;news.ycombinator.com&#x2F;item?id=34361651"">https:&#x2F;&#x2F;news.ycombinator.com&#x2F;item?id=34361651</a>).<p>Wondercraft integrates realistic text-to-speech with an infrastructure that simplifies podcast creation. For example, you can integrate music, publish your podcast &#x2F; create an RSS feed, generate a video for your episode,  get assistance in the script generation, auto generate show notes and transcript and translate your podcast all together. All text based tasks (e.g. script assistance, show note generation, etc) are completed using a chain of custom prompts to LLM models. All text-to-speech is done through custom voices that are either synthetically generated or professionally cloned from Voice Actors, using the ElevenLabs platform. Tasks such as episode translation involve the use of both LLMs and ElevenLabs. Video generation runs using Remotion and the RSS feed is an XML creation and updating routine.<p>Since launching, we’ve had more than 13k users sign up to create their podcast. Use cases that we’re seeing include: businesses repurposing their blogs and generating video content for their socials; writers&#x2F;bloggers&#x2F;newsletters reaching audience through another medium; news outlets and publications adding a news rundown podcast in their lineup; businesses creating internal educational&#x2F;cultural material; and podcast studios using Wondercraft to serve client needs faster.<p>Wondercraft is not a tool for fully AI generated content. Rather, we save people time by transferring content they’ve created (e.g. an article they’ve written) to another medium. This technology is best suited for news rundowns and narrational format podcasts (often used by businesses talking about a niche topic). And while interview and conversational formats will sound better person-to-person, the logistical and (often) sound quality issues remain, so we’re testing out an “Async Podcasts” feature, where an interviewee can respond to questions async in writing, share a photo and (optionally) a clip of their voice, and a podcast will be created out of it.<p>We’d love to hear any thoughts, comments or experiences you may have had in relation to leveraging text to speech for podcast creation. Thank you for taking the time to read!"
42,wallflower,11.0,37077622,"[37102719, 37103771, 37102069]",36,1691682067,The Oregon Resilience Plan (2013) [pdf],story,https://www.oregon.gov/oem/documents/oregon_resilience_plan_final.pdf,
43,benbreen,18.0,37092687,"[37101739, 37100984, 37100808]",28,1691781335,The Frothy Saga of the Jacuzzi Family,story,https://www.nytimes.com/2023/08/11/style/the-frothy-saga-of-the-jacuzzi-family.html,
44,greesil,275.0,37092212,"[37092598, 37093672, 37092692, 37093147, 37094751, 37092936, 37097750, 37096224, 37094516, 37092531, 37092956, 37094096, 37097854, 37096308, 37097174, 37092864, 37093839, 37096638, 37094071, 37097475, 37095634, 37093492, 37093420, 37092981]",489,1691779002,Wendelstein 7-X: Gigajoule energy turnover generated for eight minutes,story,https://www.ipp.mpg.de/5322229/01_23,
45,hhs,3.0,37103282,"[37103466, 37103806, 37104120]",9,1691867650,Colleges urged to produce better information on how they spend money,story,https://www.wsj.com/articles/colleges-urged-to-produce-better-information-on-how-they-spend-money-8dc3b549,
46,ianrahman,9.0,37099481,"[37103667, 37102871, 37101074, 37101897, 37102170]",23,1691843131,"The U-bend of life: Why, beyond middle age, people get happier as they get older",story,https://www.economist.com/christmas-specials/2010/12/16/the-u-bend-of-life,
47,jstrieb,49.0,37083309,"[37086140, 37083678, 37089598, 37087277, 37085076, 37086261, 37085443, 37099758, 37096052, 37086186, 37095664, 37096924, 37086183, 37090628, 37085943, 37089658, 37085287, 37085891, 37087821, 37086102, 37083318]",425,1691711763,"Show HN: Tetris, but the blocks are ARM instructions that execute in the browser",story,https://ofrak.com/tetris/,"OFRAK Tetris is a project I started at work about two weeks ago. It&#x27;s a web-based game that works on desktop and mobile. I made it for my company to bring to events like DEF CON, and to promote our binary analysis and patching framework called OFRAK.<p>In the game, 32-bit, little-endian ARM assembly instructions fall, and you can modify the operands before executing them on a CPU emulator. There are two segments mapped – one for instructions, and one for data (though both have read, write, and execute permissions). Your score is a four byte signed integer stored at the virtual address pointed to by the R12 register, and the goal is to use the instructions that fall to make the score value in memory as high as possible. When it&#x27;s game over, you can download your game as an ELF to relive the glory in GDB on your favorite ARM device.<p>The CPU emulator is a version of Unicorn (<a href=""https:&#x2F;&#x2F;www.unicorn-engine.org&#x2F;"" rel=""nofollow noreferrer"">https:&#x2F;&#x2F;www.unicorn-engine.org&#x2F;</a>) that has been cross-compiled to WebAssembly (<a href=""https:&#x2F;&#x2F;alexaltea.github.io&#x2F;unicorn.js&#x2F;"" rel=""nofollow noreferrer"">https:&#x2F;&#x2F;alexaltea.github.io&#x2F;unicorn.js&#x2F;</a>), so everything on the page runs in the browser without the need for any complicated infrastructure on the back end.<p>Since I&#x27;ve only been working on this for a short period of time leading up to its debut at DEF CON, there are still many more features I&#x27;d eventually like to implement. These include adding support for other ISAs besides ARM, adding an instruction reference manual, and lots of little cleanups, bug fixes, and adjustments.<p>My highest score is 509,644,979, but my average is about 131,378.<p>I look forward to feedback, bug reports, feature requests, and strategy discussions!"
48,ksec,226.0,37098591,"[37099172, 37098953, 37101097, 37100097, 37102333, 37099470, 37098988, 37098983, 37101213, 37101930, 37101849, 37099509, 37098858, 37099256, 37100029, 37100072, 37103553, 37099582, 37099377, 37100189, 37101547, 37100899, 37098901, 37101491, 37102684, 37098967, 37100560, 37098916, 37099373, 37099371, 37099492, 37102727, 37099123, 37099472, 37099406]",157,1691833766,I feel like I made a mistake investing professionally into Flutter,story,https://reddit.com/r/FlutterDev/comments/15njq61/i_feel_like_i_mad_a_mistake_investing/,
49,tslmy,7.0,37102175,"[37103762, 37104242, 37104101, 37103353, 37103152, 37103352, 37103995]",28,1691860102,Buy an enamel mug next time you visit China,story,https://lmy.medium.com/buy-an-enamel-mug-next-time-you-visit-china-adf900f38055,
50,WallyFunk,0.0,37102144,,11,1691859901,A compilation of outstanding testing articles (with JavaScript),story,https://practica.dev/blog/a-compilation-of-outstanding-testing-articles-with-javaScript/,
51,joe5150,292.0,37096178,"[37099811, 37097303, 37097391, 37099644, 37099404, 37097600, 37098942, 37099918, 37099277, 37096209, 37099217, 37102195, 37100089, 37099647, 37098972, 37103464, 37101988, 37101478, 37099352, 37102131, 37099076, 37099050, 37096808, 37097678, 37098924, 37102218, 37100201, 37099132, 37100752, 37100058, 37101041, 37097395, 37096476, 37097212, 37097610]",190,1691805150,West Virginia University to drop 32 majors including all world language programs,story,https://www.wvgazettemail.com/news/education/wvu-to-drop-32-majors-including-all-world-language-programs/article_2b3d0aae-3962-544b-b1a3-7c28cb6df3ef.html,
52,1970-01-01,193.0,37085138,"[37097034, 37095817, 37098635, 37099944, 37098632, 37096222, 37099643, 37096164, 37096824, 37095806, 37103569, 37097674, 37096238, 37093856, 37095162, 37096126, 37099329, 37095365]",229,1691728393,Zero Motorcycles makes its service manuals free,story,https://www.hagerty.com/media/maintenance-and-tech/zero-motorcycles-steps-up-and-makes-its-service-manuals-free/,
53,hhs,63.0,37101341,"[37102654, 37103327, 37102614, 37101561, 37102643, 37102021, 37102471, 37102348, 37102705, 37102525, 37102816, 37101454, 37102725, 37103151, 37102842, 37103897, 37101774, 37101406]",77,1691855140,Jobs and Gates banned their kids from iPads and other devices they created,story,https://finance.yahoo.com/news/hidden-side-steve-jobs-bill-165424007.html,
54,dvrp,51.0,37096626,"[37096888, 37098310, 37097213, 37102868, 37098087, 37097585, 37097310, 37103278, 37097059, 37097131, 37097868, 37098712, 37097568, 37097211, 37096977]",175,1691809785,Fooocus: OSS for image generation by ControlNet author,story,https://github.com/lllyasviel/Fooocus,
55,xk4rim,22.0,37100036,"[37103637, 37103469, 37103867, 37103743, 37102552, 37103032, 37101598, 37102852]",10,1691847531,Show HN: There are over a thousand possible finger arrangements for your hands,story,https://students.tools/random-fingers/,
56,chvogt16,9.0,37098663,"[37099915, 37099783]",42,1691834828,Build declaratively back ends and APIs with GraphQL or REST,story,https://github.com/metatypedev/metatype,
57,bpierre,24.0,37087791,"[37099720, 37099331, 37098848, 37098980, 37100041, 37101221]",37,1691755985,The History of Electronic Mail,story,https://www.multicians.org/thvv/mail-history.html,
58,ksec,15.0,37097048,"[37099538, 37097382, 37102336, 37098418, 37098532, 37099153, 37097347]",59,1691814334,Sapphire Rapids Core-to-Core Latency,story,https://jprahman.substack.com/p/sapphire-rapids-core-to-core-latency,
59,throwmemoney,3.0,37102092,[37102674],13,1691859610,Amazon reportedly in talks to become an anchor investor in Arm's IPO,story,https://finance.yahoo.com/video/amazon-reportedly-talks-become-anchor-135924486.html,
60,todsacerdoti,144.0,37094599,"[37096358, 37097523, 37095273, 37099056, 37095352, 37095891, 37095429, 37096037, 37095243, 37096467, 37095591, 37095221, 37095303, 37098298, 37096066, 37097289, 37098461, 37095237, 37097464, 37095838, 37096033, 37096728, 37098671]",189,1691791325,Pijul: Version-Control Post-Git [video],story,https://www.youtube.com/watch?v=7MpdZkGj5AI,
61,DanyWin,7.0,37101579,"[37103076, 37103886, 37103649, 37103724, 37101946, 37102151, 37102572, 37103625, 37103629]",6,1691856319,Big vs. small GPU clouds for fine-tuning LLMs,story,,"Hi everyone,<p>I am looking to fine-tune a Llama 2 (the 7B and 70B to see if there is a big difference), and I am looking at the different Cloud options for GPUs.<p>There are of course the big cloud providers like AWS, and the smaller ones like Paperspace and co.<p>I am trying to benchmark each in terms of price, ease of use, quick availability of GPUs, and feature-richness.<p>Could you share the insights on big vs small cloud providers when training a LLM? If you have other criteria to make a decision I would be interested too!"
62,LinuxBender,0.0,37101992,,14,1691858917,Intel Wiring Up DisplayPort Alt Mode 2.1 Support for Linux,story,https://www.phoronix.com/news/Intel-Linux-DP-Alt-Mode-2.1,
63,DoreenMichele,14.0,37096975,"[37098912, 37099930, 37101812, 37099539, 37099105, 37100744, 37101593, 37098106, 37099236]",78,1691813568,Leave It to the Beavers,story,https://isthmus.com/news/news/leave-it-to-the-beavers/,
64,bpierre,120.0,37078719,"[37079893, 37082377, 37085744, 37080934, 37081876, 37079566, 37081904, 37080332, 37081917, 37084218, 37079766, 37100237, 37081717, 37084552, 37079481, 37084058, 37089863, 37082153, 37081517, 37088085, 37089133, 37079745, 37081089]",1242,1691686934,Vim Boss,story,https://neovim.io/news/2023/08,
65,thunderbong,142.0,37089739,"[37090551, 37090246, 37090276, 37095839, 37090250, 37091696, 37090248, 37090410, 37098304, 37090475, 37091329, 37090348, 37090267, 37090425, 37092165, 37090337, 37095131, 37091145, 37096477, 37095074, 37097094, 37091471, 37095419, 37091765, 37092285, 37092096, 37090281, 37090666, 37092208]",347,1691767468,Tailscale vs. Narrowlink,story,https://narrowlink.com/docs/comparisons/tailscale,
66,Anon84,23.0,37094111,"[37096281, 37097018, 37098071, 37097701, 37095125, 37096027]",240,1691788429,An Introduction to Graph Theory,story,https://arxiv.org/abs/2308.04512,
67,PaulHoule,206.0,37091989,"[37092615, 37095847, 37093637, 37094298, 37094383, 37094117, 37098868, 37092868, 37096845, 37094841, 37097880, 37094741, 37095495, 37093543, 37092945, 37093716]",274,1691777914,RFC 9446 Reflections on Ten Years Past the Snowden Revelations,story,https://www.rfc-editor.org/rfc/rfc9446.html,
68,robertnishihara,57.0,37090632,"[37091097, 37091644, 37091373, 37091470, 37091135, 37097157, 37091841, 37092195, 37094657, 37091146, 37090959, 37094445]",290,1691771688,Fine-Tuning Llama-2: A Comprehensive Case Study for Tailoring Custom Models,story,https://www.anyscale.com/blog/fine-tuning-llama-2-a-comprehensive-case-study-for-tailoring-models-to-unique-applications,
69,mutant_glofish,1.0,37103318,[37103876],4,1691867884,HAKMEM: A bizarre and eclectic potpourri of technical trivia,story,https://en.wikipedia.org/wiki/HAKMEM,
70,gaocegege,81.0,37097004,"[37100462, 37097924, 37103027, 37100330, 37099031, 37097911, 37103186, 37100658, 37098203, 37100975, 37098439, 37102233, 37099889, 37099117, 37102120, 37097874, 37097591]",121,1691813843,Do we really need a specialized vector database?,story,https://modelz.ai/blog/pgvector,
71,anigbrowl,3.0,37102518,"[37102677, 37102867]",10,1691862342,The web we lost (2012),story,https://www.anildash.com/2012/12/13/the_web_we_lost/,
72,ij23,29.0,37095542,"[37097106, 37096625, 37096039, 37099449, 37098103, 37100300, 37096881, 37096662, 37097078, 37096686]",118,1691798893,"Show HN: liteLLM Proxy Server: 50+ LLM Models, Error Handling, Caching",story,https://github.com/BerriAI/litellm/blob/main/cookbook/proxy-server/readme.md,"Hello hacker news,<p>I’m the maintainer of liteLLM() - package to simplify input&#x2F;output to OpenAI, Azure, Cohere, Anthropic, Hugging face API Endpoints: <a href=""https:&#x2F;&#x2F;github.com&#x2F;BerriAI&#x2F;litellm&#x2F;"">https:&#x2F;&#x2F;github.com&#x2F;BerriAI&#x2F;litellm&#x2F;</a><p>We’re open sourcing our implementation of liteLLM proxy: <a href=""https:&#x2F;&#x2F;github.com&#x2F;BerriAI&#x2F;litellm&#x2F;blob&#x2F;main&#x2F;cookbook&#x2F;proxy-server&#x2F;readme.md"">https:&#x2F;&#x2F;github.com&#x2F;BerriAI&#x2F;litellm&#x2F;blob&#x2F;main&#x2F;cookbook&#x2F;proxy-...</a><p>TLDR: It has one API endpoint &#x2F;chat&#x2F;completions and standardizes input&#x2F;output for 50+ LLM models + handles logging, error tracking, caching, streaming<p>What can liteLLM proxy do?
- It’s a central place to manage all LLM provider integrations<p>- Consistent Input&#x2F;Output Format
    - Call all models using the OpenAI format: completion(model, messages)
    - Text responses will always be available at [&#x27;choices&#x27;][0][&#x27;message&#x27;][&#x27;content&#x27;]<p>- Error Handling Using Model Fallbacks (if GPT-4 fails, try llama2)<p>- Logging - Log Requests, Responses and Errors to Supabase, Posthog, Mixpanel, Sentry, Helicone<p>- Token Usage &amp; Spend - Track Input + Completion tokens used + Spend&#x2F;model<p>- Caching - Implementation of Semantic Caching<p>- Streaming &amp; Async Support - Return generators to stream text responses<p>You can deploy liteLLM to your own infrastructure using Railway, GCP, AWS, Azure<p>Happy completion() !"
73,andrewon,37.0,37097353,"[37098049, 37097727, 37098077, 37098003, 37097609, 37098005, 37098281, 37098193, 37098476, 37098286, 37097956, 37097759, 37097558]",165,1691818830,Beginner's Guide to Llama Models,story,https://agi-sphere.com/llama-guide/,
74,keepamovin,6.0,37098925,"[37100389, 37100526, 37101689, 37102466]",10,1691838080,Sound Transmission Through Vacuum,story,https://www.jyu.fi/en/current/archive/2023/08/physicists-at-the-university-of-jyvaskyla-demonstrate-how-sound-can-be-transmitted-through-vacuum,
75,ingve,62.0,37085604,"[37100600, 37099682, 37100007, 37104023, 37100245, 37102337]",85,1691734072,Objective-C Internals,story,https://alwaysprocessing.blog/series/objc-internals,
76,jorangreef,147.0,37086796,"[37089485, 37087017, 37087790, 37087765, 37087061, 37091793, 37091351, 37087241, 37087147, 37088384, 37087856, 37088826, 37095816, 37091071, 37088178, 37089775, 37088140, 37089909, 37089110, 37090065, 37088470, 37088664, 37088982, 37097624, 37086979, 37088679, 37087252, 37094352, 37093253, 37090162]",326,1691746709,Fastest branchless binary search,story,https://mhdm.dev/posts/sb_lower_bound/,
77,gmays,0.0,37103168,,5,1691866883,How to Find Your Voice,story,https://psyche.co/guides/how-to-find-your-natural-voice-and-learn-to-speak-up,
78,jmacd,4.0,37096085,"[37098494, 37098761]",33,1691804151,Trumpkin’s Notes on Building a Sauna,story,http://localmile.org/trumpkins-notes-on-building-a-sauna/,
79,drywater2,17.0,37094941,"[37100646, 37097627, 37098460, 37098200, 37103253, 37098472]",48,1691793823,Signs You Are Living in an Information Crap-Pocalypse,story,https://www.honest-broker.com/p/30-signs-you-are-living-in-an-information,
80,arto,16.0,37095169,"[37096025, 37098021, 37098305]",90,1691795543,Extracellular communication between brain cells through transfer of Cre mRNA,story,https://www.biorxiv.org/content/10.1101/2023.01.29.525937v1,
81,nopinsight,88.0,37095616,"[37096312, 37096799, 37096517, 37096122, 37100437, 37096073, 37097061, 37098061, 37096389, 37098367, 37101016, 37099757, 37097386, 37097198, 37096032, 37099166]",106,1691799673,"If it can be designed on a computer, it can be built by robots",story,https://www.economist.com/science-and-technology/2023/08/09/if-it-can-be-designed-on-a-computer-it-can-be-built-by-robots,
82,lambdaba,30.0,37089331,"[37094366, 37104004, 37094216, 37095895, 37094685, 37095339, 37103953, 37093779, 37095621, 37093876, 37096439, 37095949, 37100684]",62,1691765564,The many issues plaguing Nix,story,https://github.com/CuBeRJAN/nix-problems,
83,marban,1.0,37099787,[37100633],20,1691845681,AI Mania Triggers Dot-Com Bubble Flashbacks,story,https://www.wsj.com/articles/artificial-intelligence-stocks-dot-com-bubble-fears-7848d402,
84,vmatsiiako,101.0,37090754,"[37092438, 37090756, 37092209, 37092680, 37092639, 37093991, 37092486, 37094832, 37095330, 37092561, 37093100, 37094655, 37093752, 37092179, 37097304, 37093479, 37095095, 37095741]",271,1691772258,Infisical – open-source HashiCorp Vault alternative,story,https://github.com/Infisical/infisical,
85,billiob,5.0,37097450,"[37103056, 37101080]",43,1691820171,mDNS Primer,story,https://fabiensanglard.net/mdns/index.html,
86,gus_leonel,100.0,37063105,"[37096643, 37096493, 37096637, 37096985, 37100509, 37096606, 37099451, 37097168, 37096474, 37097960, 37098820, 37100200, 37097871, 37097666, 37097998, 37097995, 37098866, 37096571, 37098042]",96,1691590950,Iterators in Go: A proposed extension,story,https://bitfieldconsulting.com/golang/iterators,
87,jrmylee,81.0,37076693,"[37078245, 37079410, 37078823, 37085477, 37079614, 37077943, 37079747, 37079800, 37078310, 37089167, 37085385, 37077097, 37078762, 37079838, 37078409, 37077979, 37077009, 37077741, 37078811, 37080043, 37077326, 37077312, 37082690, 37077181, 37084401]",101,1691678125,Launch HN: Rubbrband (YC W23) – Deformity detection for AI-generated images,story,,"Hey HN! We’re Jeremy, Abhi and Darren from Rubbrband (<a href=""https:&#x2F;&#x2F;www.rubbrband.com&#x2F;"">https:&#x2F;&#x2F;www.rubbrband.com&#x2F;</a>). Rubbrband is software that evaluates the quality of images generated by Stable Diffusion (or Midjourney, DALL-e, etc…).<p>We actually stumbled into this idea while working on solving a different problem. While helping a few companies use Stable Diffusion in production, we found that these companies needed to use QA analysts to manually evaluate their images to make sure they were high quality once in prod. This process often took days just to go through thousands of images, so companies that have a text-to-image product with PMF couldn’t guarantee that their images were of high quality.<p>From our initial set of customers, we found that evaluating the quality of their outputs at scale was an even larger problem than just using the model itself. So we pivoted our company into working on solving this problem using our skills from CV research. All three of us did computer vision research at UC Berkeley, and Abhi worked with John Canny, who invented many CV techniques like the Canny Edge Detector.<p>We built a product that automates this process using computer vision. We’ve trained in-house several computer vision models that grade images based on different criteria.<p>These include: - Detecting human deformities, such as a person with 7 fingers on a hand (image generation models generate deformed hands over 80% of the time when generating a photo of a person! This includes the state of the art: Midjourney, SDXL, Runway, etc…); - A score that rates how well the image aligns with the prompt(we do this using our own finetuned Visual Question Answer model); - A composition score (how well composed the image is according to photography “rules”)<p>Using Rubbrband is pretty simple. You can send an image to us to process via our API or our web app, and you’ll get scores for each of those criteria back on your dashboard in less than 10 seconds. Here is a quick Loom demo: <a href=""https:&#x2F;&#x2F;www.loom.com&#x2F;share&#x2F;961830347b3643dcbb92dfe80f8ca1f0?sid=faf1d9fb-5023-4dc8-96fc-5b3806ef3c6b"" rel=""nofollow noreferrer"">https:&#x2F;&#x2F;www.loom.com&#x2F;share&#x2F;961830347b3643dcbb92dfe80f8ca1f0?...</a>.<p>You can filter your images based on certain criteria from the dashboard. For instance, if you want to see all images with deformed eyes, you can click the “deformed eyes” filter at the top of the screen to see all of those images.<p>We store images generated by your image generation model. We’re like a logging tool for images, with evaluations on top. We currently charge $0.01 per image, with your first 1000 images free.<p>We’re super excited to launch this to Hacker News. We’d love to hear what you think. Thanks in advance!"
88,coloneltcb,594.0,37092861,"[37095782, 37094523, 37094903, 37094173, 37093403, 37094033, 37093038, 37094294, 37095322, 37098519, 37093029, 37094570, 37094017, 37095639, 37094716, 37094439, 37093787, 37095719, 37096402, 37093423, 37093256, 37094355, 37094278, 37098804, 37093311, 37093400, 37093450, 37093383, 37094936, 37094053, 37093694, 37093255, 37093014, 37093404, 37093649, 37094000, 37093631, 37094796, 37093664, 37093164, 37096077, 37093025, 37094483, 37094777, 37098474, 37095023, 37095509, 37093009, 37093350, 37093998, 37093705, 37093782, 37093982, 37096288, 37096277, 37094129, 37093802, 37093830, 37093448, 37094035]",562,1691782126,Judge sends Sam Bankman-Fried to jail over witness tampering,story,https://www.cnbc.com/2023/08/11/judge-to-revoke-bail-for-ftx-founder-sam-bankman-fried-over-witness-tampering.html,
89,danboarder,9.0,37095015,"[37101108, 37097808, 37101970, 37096984]",21,1691794254,Biwatt unveils new residential sodium-ion batteries,story,https://www.pv-magazine.com/2023/08/11/biwatt-unveils-new-residential-sodium-ion-batteries/,
90,geostyx,75.0,37090876,"[37095918, 37095807, 37095963, 37096062, 37095879, 37096873, 37096220, 37099504, 37096894, 37096152, 37096408, 37096990, 37095840, 37097457, 37096800, 37096377, 37096013]",95,1691772852,Inactive Google Account Policy,story,https://support.google.com/accounts/answer/12418290?hl=en,
91,instagraham,1.0,37101831,[37103772],13,1691857906,Tesla Jailbreak Lets You Unlock Free Upgrades [video],story,https://www.youtube.com/watch?v=meWNtrZo5Mw,
92,thunderbong,50.0,37057135,"[37057153, 37103142, 37092638, 37057590, 37057893]",48,1691539566,D1 receptors may be a more important target than D2 for antipsychotic drugs,story,https://www.wired.com/story/everyone-was-wrong-about-antipsychotics/,
93,jaredwilber,3.0,37091122,"[37094016, 37100205, 37098473, 37095345]",110,1691773963,Show HN: Pykoi – a Python library for LLM data collection and fine tuning,story,https://www.cambioml.com/pykoi/,"Hi HN,<p>pykoi is an open-source python library for ML scientists. pykoi makes it easier to collect data for LLMs, to use that data for finetuning, and to compare models to each other (e.g. your model pre- and post- finetuning, or your model vs openai vs claude). The library comes from pain points we experienced in LLM development:<p>1. Collecting feedback data from users isn&#x27;t as easy as it could be. (The current process usually involves sharing excel files of annotated responses back-and-forth, offering no insight into how users actually engage with your models).<p>2. RLHF remains complicated to carry out. By <i>complicated</i>, we mean requires a lot of steps, hundreds of configs, lengthy setups, etc.<p>3. Comparing models to each other <i>as they&#x27;re used</i> (that is, independent from academic metrics) is full of friction. The current approach: spin up a model, ask questions, write them down. Repeat for other models then compare.<p>At a high-level, we think that the active learning process should be closed-loop: data collection, fine tuning, and inference all feed from the same system. This library is our first step in that direction.<p>The project is still very early but we hope that some if it is useful. Note, we&#x27;re fully open-source, and actively adding features!<p>Website: <a href=""https:&#x2F;&#x2F;www.cambioml.com&#x2F;pykoi"">https:&#x2F;&#x2F;www.cambioml.com&#x2F;pykoi</a>
GitHub: <a href=""https:&#x2F;&#x2F;github.com&#x2F;CambioML&#x2F;pykoi"">https:&#x2F;&#x2F;github.com&#x2F;CambioML&#x2F;pykoi</a><p>We would love your feedback!"
94,kevinlu1248,6.0,37081077,"[37098249, 37103358]",49,1691698070,Using Retrieval Augmented Generation (RAG) to clear our GitHub backlog,story,https://docs.sweep.dev/blogs/sweeps-core-algo,
95,arizonaforce,49.0,37100153,"[37101925, 37101229, 37100593, 37100866, 37100789, 37103713, 37100155, 37103631, 37101617, 37101750, 37101743]",67,1691848213,Chinese Trust Companies on the Brink,story,https://www.asiamarkets.com/chinese-trust-companies-on-the-brink-looming-bankruptcies-bigger-than-evergrande/,
96,brudgers,8.0,37077639,"[37094728, 37099912, 37094972, 37096711]",25,1691682136,Phase in Acoustics,story,http://www.sengpielaudio.com/calculator-timedelayphase.htm,
97,monstermunch,431.0,37081789,"[37086482, 37082835, 37086696, 37085701, 37083563, 37083061, 37085450, 37084417, 37087122, 37086229, 37097399, 37102890, 37085910, 37083089, 37082287, 37082366, 37087380, 37097361, 37082739, 37084359, 37082490, 37083517, 37084876, 37097363, 37084277, 37084931, 37086223, 37082312, 37082886, 37082277, 37082256, 37086383, 37085578, 37085882, 37083989, 37082557, 37082818, 37099094, 37082982, 37082672, 37084640, 37086350, 37087688, 37082640, 37090214, 37082390, 37084623, 37086019, 37085003, 37085471, 37084693, 37085050, 37087168, 37082853, 37082399, 37089962, 37084001, 37084006, 37086884, 37086904, 37086251, 37086650, 37084924, 37082503, 37090080, 37087771, 37083962, 37082451, 37093573, 37082639, 37095132, 37083299, 37082910]",566,1691701520,My Overkill Home Network,story,https://blog.networkprofile.org/my-home-network-complete-details-2023/,
98,louismerlin,51.0,37090063,"[37092619, 37093625, 37093047, 37091336, 37091393, 37091882, 37094819, 37091835, 37091468, 37091988, 37093228, 37097437]",146,1691768965,GSMA considers giving away mobile device locations through API,story,https://www.gsma.com/futurenetworks/gsma-open-gateway-api-descriptions/,
99,haltingproblem,0.0,37102650,,6,1691863209,"Yes, Men Do Wear Spanx. Here’s Why",story,https://www.wsj.com/articles/yes-men-do-wear-spanx-heres-why-11636475959,
